hour_1,hour_2,hour_3,hour_4,hour_5,hour_6,hour_7,hour_8,hour_9,hour_10,hour_11,hour_12,hour_13,hour_14,hour_15,hour_16,hour_17,hour_18,hour_19,hour_20,hour_21,hour_22,hour_23,hour_24
89.78,28.44,2041.95,1323.5,56.533,79.79,344.97,795.72,1165.71,2153.06,1808.22,1901.04,3326.29,2784.53,2674.41,2883.885714,3407.47234,3823.777778,2727.714286,1710.133333,772.2222222,619.1333333,373.9333333,107.7333333
